,bus0,bus1,project_status,length,build_year,underground,p_nom,tags,x0,y0,x1,y1
TYNDP2018_25,Tourbe (FR),Chilling (GB),completed,247.2,2021,,1000,,-0.172042,49.083593,-1.277269,50.839338
TYNDP2024_285,Kingsnorth (UK),Warande (FR),in_permitting,158,2030,,1250,,0.596111111,51.41972,2.376776,51.034368
TYNDP2024_16,Gatica (ES),Cubnezais (FR),under_construction,370,2028,,2000,,-2.867,43.367,-0.408943,45.074191
TYNDP2018_21,Piossasco (IT),Grand Ile (FR),completed,190,2023,,1000,,7.468,44.9898,6.045,45.472
TYNDP2022_286,Waterford (IE),Pembroke (UK),under_construction,180,2025,,500,,-6.987,52.26,-4.986,51.686
TYNDP2024_1157,Milan (IT),Viterbo (IT),in_permitting,500,2030,,2000,,9.409,45.553,12.015,42.244
TYNDP2024_1216,Constanta (RO),Albertirsa (HU),under_consideration,930,2030,,2500,,28.588,44.201,19.584,47.224
DC1,Emden Ost,Osterath,in_permitting,297,2027,True,2000,"{url:https://www.netzentwicklungsplan.de/sites/default/files/2024-04/NEP_2037_2045_V2023_Anhang_2E_Aktualisierung_April_2024_%28komprimiert%29.pdf,TYNDP 2022:132,""location0"":""Emden Ost"",""location1"":""Osterath""",7.2492328,53.3655941,6.6207151,51.2690922
DC2,Osterath,Philippsburg,in_permitting,299,2026,False,2000,"{url:https://www.netzentwicklungsplan.de/sites/default/files/2024-04/NEP_2037_2045_V2023_Anhang_2E_Aktualisierung_April_2024_%28komprimiert%29.pdf,TYNDP 2022: 254,""location0"":""Osterath"",""location1"":""Philippsburg""",6.6207151,51.2690922,8.478699,49.283036
DC3,Brunsbüttel,Großgartach,in_permitting,694,2028,True,2000,"{url:https://www.netzentwicklungsplan.de/sites/default/files/2024-04/NEP_2037_2045_V2023_Anhang_2E_Aktualisierung_April_2024_%28komprimiert%29.pdf,TYNDP 2022: 235,""location0"":""Brunsbüttel"",""location1"":""Großgartach""",9.1395423,53.8972549,9.1258701,49.1425406
DC4,Wilster ,Bergrheinfeld,in_permitting,540,2028,True,2000,"{url:https://www.netzentwicklungsplan.de/sites/default/files/2024-04/NEP_2037_2045_V2023_Anhang_2E_Aktualisierung_April_2024_%28komprimiert%29.pdf,TYNDP 2022: 235,""location0"":""Wilster "",""location1"":""Bergrheinfeld""",9.3741366,53.9233519,10.1810033,50.0082136
DC5,Wolmirstedt,Isar/Bayern,in_permitting,539,2027,True,2000,"{url:https://www.netzentwicklungsplan.de/sites/default/files/2024-04/NEP_2037_2045_V2023_Anhang_2E_Aktualisierung_April_2024_%28komprimiert%29.pdf,TYNDP 2022: 130, name:SuedOstLink,""location0"":""Wolmirstedt"",""location1"":""Isar/Bayern""",11.63893091,52.26885788,12.29672372,48.60690333
DC20,Klein Rogahn,Isar/Bayern,in_permitting,759,2030,True,2000,"{url:https://www.netzentwicklungsplan.de/sites/default/files/2024-04/NEP_2037_2045_V2023_Anhang_2E_Aktualisierung_April_2024_%28komprimiert%29.pdf, name:SuedOstLink+,""location0"":""Klein Rogahn"",""location1"":""Isar/Bayern""",11.3482229,53.6044461,12.29672372,48.60690333
TYNDP2020_1_NEP_DC3,,,confirmed,700,2028,True,2000,"""url""=>""https://tyndp2020-project-platform.azurewebsites.net/projectsheets/transmission/235"", ""tyndp2020_proj_id""=>""235"", ""tyndp2020_invest_id""=>""664"", ""tyndp_status""=>""in_permitting""",9.1395423,53.8972549,9.1258701,49.1425406
TYNDP2020_2_NEP_DC4,,,confirmed,558,2028,True,2000,"""url""=>""https://tyndp2020-project-platform.azurewebsites.net/projectsheets/transmission/235"", ""tyndp2020_proj_id""=>""235"", ""tyndp2020_invest_id""=>""664"", ""tyndp_status""=>""in_permitting""",9.3741366,53.9233519,10.1810033,50.0082136
TYNDP2020_4,,,planned_not_yet_permitting,267,2030,False,2000,"""url""=>""https://tyndp2020-project-platform.azurewebsites.net/projectsheets/transmission/1034"", ""tyndp2020_proj_id""=>""1034"", ""tyndp2020_invest_id""=>""1692"", ""tyndp_status""=>""planned_not_yet_permitting""",8.000793,53.55581,8.068085,51.653815
TYNDP2020_5,,,planned_not_yet_permitting,407,2030,False,2000,"""url""=>""https://tyndp2020-project-platform.azurewebsites.net/projectsheets/transmission/1034"", ""tyndp2020_proj_id""=>""1034"", ""tyndp2020_invest_id""=>""1693"", ""tyndp_status""=>""planned_not_yet_permitting""",9.131012,54.20101,7.064209,51.66063
TYNDP2020_6,,,under_construction,445,2026,True,600,"""url""=>""https://tyndp2020-project-platform.azurewebsites.net/projectsheets/transmission/28"", ""tyndp2020_proj_id""=>""28"", ""tyndp2020_invest_id""=>""1503"", ""tyndp_status""=>""under_construction""",14.028168,42.409263,18.772888,42.315909
TYNDP2020_7,,,completed,240,2023,True,2000,"""url""=>""https://tyndp2020-project-platform.azurewebsites.net/projectsheets/transmission/247"", ""tyndp2020_proj_id""=>""247"", ""tyndp2020_invest_id""=>""1381"", ""tyndp_status""=>""in_permitting""",-1.053314,50.900435,1.113739,49.712937
TYNDP2020_8,,,under_consideration,133,2027,True,700,"""url""=>""https://tyndp2020-project-platform.azurewebsites.net/projectsheets/transmission/1040"", ""tyndp2020_proj_id""=>""1040"", ""tyndp2020_invest_id""=>""1677"", ""tyndp_status""=>""under_consideration""",-5.809021,54.726206,-4.880676,55.704677
TYNDP2020_10_NEP_DC2,,,in_permitting,340,2024,False,2000,"""url""=>""https://tyndp2020-project-platform.azurewebsites.net/projectsheets/transmission/254"", ""tyndp2020_proj_id""=>""254"", ""tyndp2020_invest_id""=>""660"", ""tyndp_status""=>""in_permitting""",6.6207151,51.2690922,8.478699,49.283036
TYNDP2020_11,,,under_consideration,230,2025,True,1400,"""url""=>""https://tyndp2020-project-platform.azurewebsites.net/projectsheets/transmission/1049"", ""tyndp2020_proj_id""=>""1049"", ""tyndp2020_invest_id""=>""1706"", ""tyndp_status""=>""under_consideration""",0.76355,51.403489,3.180542,51.330612
TYNDP2020_12,,,under_consideration,610,2028,True,1400,"""url""=>""https://tyndp2020-project-platform.azurewebsites.net/projectsheets/transmission/1050"", ""tyndp2020_proj_id""=>""1050"", ""tyndp2020_invest_id""=>""1707"", ""tyndp_status""=>""under_consideration""",0.482025,51.519853,7.23587,53.374317
TYNDP2020_13,,,under_consideration,640,2028,True,1400,"""url""=>""https://tyndp2020-project-platform.azurewebsites.net/projectsheets/transmission/1051"", ""tyndp2020_proj_id""=>""1051"", ""tyndp2020_invest_id""=>""1708"", ""tyndp_status""=>""under_consideration""",1.307373,52.593038,9.228516,55.481188
TYNDP2020_14,,,under_consideration,300,2030,True,1400,"""url""=>""https://tyndp2020-project-platform.azurewebsites.net/projectsheets/transmission/267"", ""tyndp2020_proj_id""=>""267"", ""tyndp2020_invest_id""=>""1262"", ""tyndp_status""=>""under_consideration""",16.233414,61.274981,12.204437,53.760078
TYNDP2020_15,,,planned_not_yet_permitting,230,2030,False,1500,"""url""=>""https://tyndp2020-project-platform.azurewebsites.net/projectsheets/transmission/270"", ""tyndp2020_proj_id""=>""270"", ""tyndp2020_invest_id""=>""1211"", ""tyndp_status""=>""planned_not_yet_permitting""",-1.671123,41.952398,-0.575409,43.345155
TYNDP2020_17,,,in_permitting,500,2026,True,700,"""url""=>""https://tyndp2020-project-platform.azurewebsites.net/projectsheets/transmission/107"", ""tyndp2020_proj_id""=>""107"", ""tyndp2020_invest_id""=>""810"", ""tyndp_status""=>""in_permitting""",-8.364716,51.892597,-4.237976,48.518424
TYNDP2020_19,,,planned_not_yet_permitting,225,2029,False,2000,"""url""=>""https://tyndp2020-project-platform.azurewebsites.net/projectsheets/transmission/276"", ""tyndp2020_proj_id""=>""276"", ""tyndp2020_invest_id""=>""1206"", ""tyndp_status""=>""planned_not_yet_permitting""",-1.645402,42.818157,-0.812988,43.979969
TYNDP2020_21,,,planned_not_yet_permitting,156,2022,True,1500,"""url""=>""https://tyndp2020-project-platform.azurewebsites.net/projectsheets/transmission/285"", ""tyndp2020_proj_id""=>""285"", ""tyndp2020_invest_id""=>""1383"", ""tyndp_status""=>""planned_not_yet_permitting""",0.575409,51.430896,2.162933,50.923813
TYNDP2020_22_NEP_DC5,,,in_permitting,540,2025,True,2000,"""url""=>""https://tyndp2020-project-platform.azurewebsites.net/projectsheets/transmission/130"", ""tyndp2020_proj_id""=>""130"", ""tyndp2020_invest_id""=>""665"", ""tyndp_status""=>""in_permitting""",11.63893091,52.26885788,12.29672372,48.60690333
TYNDP2020_23_NEP_DC1,,,in_permitting,297,2027,True,2000,"""url""=>""https://tyndp2020-project-platform.azurewebsites.net/projectsheets/transmission/132"", ""tyndp2020_proj_id""=>""132"", ""tyndp2020_invest_id""=>""661"", ""tyndp_status""=>""in_permitting""",7.2492328,53.3655941,6.6207151,51.2690922
TYNDP2020_27,,,under_consideration,665,2026,True,1800,"""url""=>""https://tyndp2020-project-platform.azurewebsites.net/projectsheets/transmission/296"", ""tyndp2020_proj_id""=>""296"", ""tyndp2020_invest_id""=>""1437"", ""tyndp_status""=>""under_consideration""",-1.972046,43.32318,-1.847076,47.30531
TYNDP2020_28,,,under_consideration,665,2026,True,1800,"""url""=>""https://tyndp2020-project-platform.azurewebsites.net/projectsheets/transmission/296"", ""tyndp2020_proj_id""=>""296"", ""tyndp2020_invest_id""=>""1437"", ""tyndp_status""=>""under_consideration""",-1.847076,47.30531,-3.967438,50.489842
TYNDP2020_29,,,in_permitting,100,2024,True,400,"""url""=>""https://tyndp2020-project-platform.azurewebsites.net/projectsheets/transmission/299"", ""tyndp2020_proj_id""=>""299"", ""tyndp2020_invest_id""=>""1458"", ""tyndp_status""=>""in_permitting""",8.636627,40.644178,9.450989,42.538916
TYNDP2020_30,,,in_permitting,50,2024,False,400,"""url""=>""https://tyndp2020-project-platform.azurewebsites.net/projectsheets/transmission/299"", ""tyndp2020_proj_id""=>""299"", ""tyndp2020_invest_id""=>""1458"", ""tyndp_status""=>""in_permitting""",9.450989,42.538916,10.671844,43.014689
TYNDP2020_31,,,in_permitting,170,2028,True,1000,"""url""=>""https://tyndp2020-project-platform.azurewebsites.net/projectsheets/transmission/150"", ""tyndp2020_proj_id""=>""150"", ""tyndp2020_invest_id""=>""616"", ""tyndp_status""=>""in_permitting""",12.516174,45.825928,14.615936,46.084662
TYNDP2020_32,,,in_permitting,700,2024,True,1400,"""url""=>""https://tyndp2020-project-platform.azurewebsites.net/projectsheets/transmission/309"", ""tyndp2020_proj_id""=>""309"", ""tyndp2020_invest_id""=>""1628"", ""tyndp_status""=>""in_permitting""",0.76355,51.403489,8.000793,53.55581
TYNDP2020_33,,,in_permitting,400,2026,True,750,"""url""=>""https://tyndp2020-project-platform.azurewebsites.net/projectsheets/transmission/170"", ""tyndp2020_proj_id""=>""170"", ""tyndp2020_invest_id""=>""1034"", ""tyndp_status""=>""in_permitting""",21.295624,56.032924,18.104095,54.714309
TYNDP2020_36,,,under_construction,69,2021,True,1000,"""url""=>""https://tyndp2020-project-platform.azurewebsites.net/projectsheets/transmission/172"", ""tyndp2020_proj_id""=>""172"", ""tyndp2020_invest_id""=>""1487"", ""tyndp_status""=>""under_construction""",0.958557,51.059523,1.833344,50.902167
TYNDP2020_37,,,in_permitting,165,2024,True,1000,"""url""=>""https://tyndp2020-project-platform.azurewebsites.net/projectsheets/transmission/174"", ""tyndp2020_proj_id""=>""174"", ""tyndp2020_invest_id""=>""1014"", ""tyndp_status""=>""in_permitting""",9.449615,45.620761,9.253235,46.824496
TYNDP2020_38,,,in_permitting,300,2026,True,700,"""url""=>""https://tyndp2020-project-platform.azurewebsites.net/projectsheets/transmission/176"", ""tyndp2020_proj_id""=>""176"", ""tyndp2020_invest_id""=>""995"", ""tyndp_status""=>""in_permitting""",16.233414,61.274981,12.204437,53.760078
TYNDP2020_39,,,under_consideration,170,2030,True,600,"""url""=>""https://tyndp2020-project-platform.azurewebsites.net/projectsheets/transmission/179"", ""tyndp2020_proj_id""=>""179"", ""tyndp2020_invest_id""=>""1016"", ""tyndp_status""=>""under_consideration""",11.969604,55.468735,12.271729,54.068253
TYNDP2020_44,,,planned_not_yet_permitting,400,2030,True,1000,"""url""=>""https://tyndp2020-project-platform.azurewebsites.net/projectsheets/transmission/338"", ""tyndp2020_proj_id""=>""338"", ""tyndp2020_invest_id""=>""1521"", ""tyndp_status""=>""planned_not_yet_permitting""",14.028168,42.409263,12.811432,43.915702
TYNDP2020_45,,,planned_not_yet_permitting,400,2025,True,1000,"""url""=>""https://tyndp2020-project-platform.azurewebsites.net/projectsheets/transmission/339"", ""tyndp2020_proj_id""=>""339"", ""tyndp2020_invest_id""=>""1557"", ""tyndp_status""=>""planned_not_yet_permitting""",9.183197,39.374649,13.304443,38.159396
TYNDP2020_46,,,planned_not_yet_permitting,500,2025,True,1000,"""url""=>""https://tyndp2020-project-platform.azurewebsites.net/projectsheets/transmission/339"", ""tyndp2020_proj_id""=>""339"", ""tyndp2020_invest_id""=>""1557"", ""tyndp_status""=>""planned_not_yet_permitting""",9.183197,39.374649,14.639282,40.688969
TYNDP2020_48,,,planned_not_yet_permitting,211,2025,False,750,"""url""=>""https://tyndp2020-project-platform.azurewebsites.net/projectsheets/transmission/349"", ""tyndp2020_proj_id""=>""349"", ""tyndp2020_invest_id""=>""1638"", ""tyndp_status""=>""planned_not_yet_permitting""",-3.474151,53.250084,-6.602175,53.348929
TYNDP2020_49,,,planned_not_yet_permitting,255,2025,False,750,"""url""=>""https://tyndp2020-project-platform.azurewebsites.net/projectsheets/transmission/349"", ""tyndp2020_proj_id""=>""349"", ""tyndp2020_invest_id""=>""1640"", ""tyndp_status""=>""planned_not_yet_permitting""",-6.602175,53.348929,-9.578832,54.120411
