,bus0,bus1,project_status,length,build_year,underground,v_nom,tags,x0,y0,x1,y1,num_parallel,type
P227,Lübeck/Schleswig-Holstein,Sahms/Schleswig-Holstein,confirmed,52,2030,,380,"{""url"":""https://data.netzausbau.de/2037-2023/NEP/NEP_2037_2045_Bestaetigung.pdf"", ""status"":""confirmed"", ""origin"":""NEP"",""version"":2024,""location0"":""Lübeck/Schleswig-Holstein"",""location1"":""Sahms/Schleswig-Holstein""",10.684738,53.866444,10.5331297,53.5252973,2,HTLS 4-bundle 380.0
TYNDP2020_0,,,in_permitting,131,2022,False,380,"""url""=>""https://tyndp2020-project-platform.azurewebsites.net/projectsheets/transmission/1"", ""tyndp2020_proj_id""=>""1"", ""tyndp2020_invest_id""=>""4"", ""tyndp_status""=>""in_permitting""",-7.793621147,41.52102394,-8.389435,40.95916,2,Al/St 240/40 4-bundle 380.0
TYNDP2020_1,,,in_permitting,30,2022,False,380,"""url""=>""https://tyndp2020-project-platform.azurewebsites.net/projectsheets/transmission/4"", ""tyndp2020_proj_id""=>""4"", ""tyndp2020_invest_id""=>""18"", ""tyndp_status""=>""in_permitting""",-8.273869552,42.46748641,-7.949982,42.383908,2,Al/St 240/40 4-bundle 380.0
TYNDP2020_2,,,in_permitting,140.21,2022,False,380,"""url""=>""https://tyndp2020-project-platform.azurewebsites.net/projectsheets/transmission/4"", ""tyndp2020_proj_id""=>""4"", ""tyndp2020_invest_id""=>""496"", ""tyndp_status""=>""in_permitting""",-7.949982,42.383908,-8.582626164,41.76465184,2,Al/St 240/40 4-bundle 380.0
TYNDP2020_3,,,in_permitting,140.21,2022,False,380,"""url""=>""https://tyndp2020-project-platform.azurewebsites.net/projectsheets/transmission/4"", ""tyndp2020_proj_id""=>""4"", ""tyndp2020_invest_id""=>""496"", ""tyndp_status""=>""in_permitting""",-8.582626164,41.76465184,-8.676453,41.303603,2,Al/St 240/40 4-bundle 380.0
TYNDP2020_4,,,under_construction,23,2022,False,380,"""url""=>""https://tyndp2020-project-platform.azurewebsites.net/projectsheets/transmission/23"", ""tyndp2020_proj_id""=>""23"", ""tyndp2020_invest_id""=>""60"", ""tyndp_status""=>""under_construction""",3.089905,50.50906,3.429108,50.773813,2,Al/St 240/40 4-bundle 380.0
TYNDP2020_6,,,in_permitting,80,2023,False,380,"""url""=>""https://tyndp2020-project-platform.azurewebsites.net/projectsheets/transmission/33"", ""tyndp2020_proj_id""=>""33"", ""tyndp2020_invest_id""=>""90"", ""tyndp_status""=>""in_permitting""",11.126404,43.872158,11.413422,44.580687,2,Al/St 240/40 4-bundle 380.0
TYNDP2020_8,,,in_permitting,120.5,2026,False,380,"""url""=>""https://tyndp2020-project-platform.azurewebsites.net/projectsheets/transmission/35"", ""tyndp2020_proj_id""=>""35"", ""tyndp2020_invest_id""=>""313"", ""tyndp_status""=>""in_permitting""",14.3524,49.1584,15.687103,49.531448,2,Al/St 240/40 4-bundle 380.0
TYNDP2020_9,,,in_permitting,117,2028,False,380,"""url""=>""https://tyndp2020-project-platform.azurewebsites.net/projectsheets/transmission/35"", ""tyndp2020_proj_id""=>""35"", ""tyndp2020_invest_id""=>""315"", ""tyndp_status""=>""in_permitting""",14.3524,49.1584,13.282471,49.60804,2,Al/St 240/40 4-bundle 380.0
TYNDP2020_11,,,under_construction,110,2020,False,380,"""url""=>""https://tyndp2020-project-platform.azurewebsites.net/projectsheets/transmission/39"", ""tyndp2020_proj_id""=>""39"", ""tyndp2020_invest_id""=>""144"", ""tyndp_status""=>""under_construction""",9.758606,54.306108,9.295807,55.075223,2,Al/St 240/40 4-bundle 380.0
TYNDP2020_12,,,planned_not_yet_permitting,157,2027,False,380,"""url""=>""https://tyndp2020-project-platform.azurewebsites.net/projectsheets/transmission/47"", ""tyndp2020_proj_id""=>""47"", ""tyndp2020_invest_id""=>""689"", ""tyndp_status""=>""planned_not_yet_permitting""",10.06485,48.282279,10.897064,47.236355,2,Al/St 240/40 4-bundle 380.0
TYNDP2020_13,,,under_construction,110,2020,False,380,"""url""=>""https://tyndp2020-project-platform.azurewebsites.net/projectsheets/transmission/48"", ""tyndp2020_proj_id""=>""48"", ""tyndp2020_invest_id""=>""1500"", ""tyndp_status""=>""under_construction""",17.539673,47.882276,17.786865,47.653363,2,Al/St 240/40 4-bundle 380.0
TYNDP2020_14,,,under_construction,110,2020,False,380,"""url""=>""https://tyndp2020-project-platform.azurewebsites.net/projectsheets/transmission/48"", ""tyndp2020_proj_id""=>""48"", ""tyndp2020_invest_id""=>""1500"", ""tyndp_status""=>""under_construction""",17.539673,47.882276,18.540802,48.236565,2,Al/St 240/40 4-bundle 380.0
TYNDP2020_15,,,under_construction,48,2020,False,380,"""url""=>""https://tyndp2020-project-platform.azurewebsites.net/projectsheets/transmission/48"", ""tyndp2020_proj_id""=>""48"", ""tyndp2020_invest_id""=>""1501"", ""tyndp_status""=>""under_construction""",19.958038,48.380882,20.55954,48.263084,2,Al/St 240/40 4-bundle 380.0
TYNDP2020_16,,,in_permitting,60,2024,False,380,"""url""=>""https://tyndp2020-project-platform.azurewebsites.net/projectsheets/transmission/78"", ""tyndp2020_proj_id""=>""78"", ""tyndp2020_invest_id""=>""458"", ""tyndp_status""=>""in_permitting""",-3.210754,51.135416,-2.633972,51.533523,2,Al/St 240/40 4-bundle 380.0
TYNDP2020_17,,,in_permitting,138,2023,False,380,"""url""=>""https://tyndp2020-project-platform.azurewebsites.net/projectsheets/transmission/81"", ""tyndp2020_proj_id""=>""81"", ""tyndp2020_invest_id""=>""462"", ""tyndp_status""=>""in_permitting""",-6.61377,53.441446,-6.654968,54.509921,2,Al/St 240/40 4-bundle 380.0
TYNDP2020_21,,,planned_not_yet_permitting,61,2023,False,380,"""url""=>""https://tyndp2020-project-platform.azurewebsites.net/projectsheets/transmission/85"", ""tyndp2020_proj_id""=>""85"", ""tyndp2020_invest_id""=>""779"", ""tyndp_status""=>""planned_not_yet_permitting""",-8.046112,38.05458,-8.1897,37.6672,2,Al/St 240/40 4-bundle 380.0
TYNDP2020_22,,,planned_not_yet_permitting,61,2023,False,380,"""url""=>""https://tyndp2020-project-platform.azurewebsites.net/projectsheets/transmission/85"", ""tyndp2020_proj_id""=>""85"", ""tyndp2020_invest_id""=>""779"", ""tyndp_status""=>""planned_not_yet_permitting""",-8.1897,37.6672,-7.730255,37.397437,2,Al/St 240/40 4-bundle 380.0
TYNDP2020_23,,,planned_not_yet_permitting,75,2023,False,380,"""url""=>""https://tyndp2020-project-platform.azurewebsites.net/projectsheets/transmission/85"", ""tyndp2020_proj_id""=>""85"", ""tyndp2020_invest_id""=>""1670"", ""tyndp_status""=>""planned_not_yet_permitting""",-7.553101,38.17991,-7.892303,38.808681,2,Al/St 240/40 4-bundle 380.0
TYNDP2020_24,,,under_construction,75,2022,False,380,"""url""=>""https://tyndp2020-project-platform.azurewebsites.net/projectsheets/transmission/103"", ""tyndp2020_proj_id""=>""103"", ""tyndp2020_invest_id""=>""1488"", ""tyndp_status""=>""under_construction""",4.9617,52.333661,5.763702,52.619725,2,Al/St 240/40 4-bundle 380.0
TYNDP2020_25,,,in_permitting,200,2025,False,380,"""url""=>""https://tyndp2020-project-platform.azurewebsites.net/projectsheets/transmission/111"", ""tyndp2020_proj_id""=>""111"", ""tyndp2020_invest_id""=>""396"", ""tyndp_status""=>""in_permitting""",24.612122,65.877531,20.232697,66.70191,2,Al/St 240/40 4-bundle 380.0
TYNDP2020_26,,,in_permitting,156,2024,False,380,"""url""=>""https://tyndp2020-project-platform.azurewebsites.net/projectsheets/transmission/111"", ""tyndp2020_proj_id""=>""111"", ""tyndp2020_invest_id""=>""1710"", ""tyndp_status""=>""in_permitting""",24.612122,65.877531,26.114502,64.778807,2,Al/St 240/40 4-bundle 380.0
TYNDP2020_27,,,under_construction,108,2023,False,380,"""url""=>""https://tyndp2020-project-platform.azurewebsites.net/projectsheets/transmission/123"", ""tyndp2020_proj_id""=>""123"", ""tyndp2020_invest_id""=>""373"", ""tyndp_status""=>""under_construction""",21.625214,53.051946,21.40686,52.213497,2,Al/St 240/40 4-bundle 380.0
TYNDP2020_28,,,in_permitting,160,2026,False,380,"""url""=>""https://tyndp2020-project-platform.azurewebsites.net/projectsheets/transmission/124"", ""tyndp2020_proj_id""=>""124"", ""tyndp2020_invest_id""=>""733"", ""tyndp_status""=>""in_permitting""",16.233414,61.274981,16.233414,61.274981,2,Al/St 240/40 4-bundle 380.0
TYNDP2020_29,,,in_permitting,178,2024,False,380,"""url""=>""https://tyndp2020-project-platform.azurewebsites.net/projectsheets/transmission/127"", ""tyndp2020_proj_id""=>""127"", ""tyndp2020_invest_id""=>""86"", ""tyndp_status""=>""in_permitting""",15.636292,41.359288,14.028168,42.409263,2,Al/St 240/40 4-bundle 380.0
TYNDP2020_30,,,under_construction,30,2021,False,380,"""url""=>""https://tyndp2020-project-platform.azurewebsites.net/projectsheets/transmission/127"", ""tyndp2020_proj_id""=>""127"", ""tyndp2020_invest_id""=>""96"", ""tyndp_status""=>""under_construction""",15.555267,41.165216,15.3286,40.9749,2,Al/St 240/40 4-bundle 380.0
TYNDP2020_31,,,under_construction,159,2023,False,380,"""url""=>""https://tyndp2020-project-platform.azurewebsites.net/projectsheets/transmission/138"", ""tyndp2020_proj_id""=>""138"", ""tyndp2020_invest_id""=>""273"", ""tyndp_status""=>""under_construction""",28.02475,44.323848,26.7166,45.0762,2,Al/St 240/40 4-bundle 380.0
TYNDP2020_32,,,in_permitting,140,2024,False,380,"""url""=>""https://tyndp2020-project-platform.azurewebsites.net/projectsheets/transmission/138"", ""tyndp2020_proj_id""=>""138"", ""tyndp2020_invest_id""=>""275"", ""tyndp_status""=>""in_permitting""",27.960205,45.447607,26.872559,46.265341,2,Al/St 240/40 4-bundle 380.0
TYNDP2020_33,,,under_construction,86,2021,False,380,"""url""=>""https://tyndp2020-project-platform.azurewebsites.net/projectsheets/transmission/138"", ""tyndp2020_proj_id""=>""138"", ""tyndp2020_invest_id""=>""800"", ""tyndp_status""=>""under_construction""",27.610016,43.326177,27.358704,42.576344,2,Al/St 240/40 4-bundle 380.0
TYNDP2020_34,,,in_permitting,151,2023,False,380,"""url""=>""https://tyndp2020-project-platform.azurewebsites.net/projectsheets/transmission/142"", ""tyndp2020_proj_id""=>""142"", ""tyndp2020_invest_id""=>""256"", ""tyndp_status""=>""in_permitting""",26.003265,42.200038,23.0839648,40.89679643,2,Al/St 240/40 4-bundle 380.0
TYNDP2020_35,,,under_construction,13,2021,False,380,"""url""=>""https://tyndp2020-project-platform.azurewebsites.net/projectsheets/transmission/142"", ""tyndp2020_proj_id""=>""142"", ""tyndp2020_invest_id""=>""258"", ""tyndp_status""=>""under_construction""",26.003265,42.200038,25.804138,41.964596,2,Al/St 240/40 4-bundle 380.0
TYNDP2020_36,,,under_construction,150,2021,False,380,"""url""=>""https://tyndp2020-project-platform.azurewebsites.net/projectsheets/transmission/142"", ""tyndp2020_proj_id""=>""142"", ""tyndp2020_invest_id""=>""262"", ""tyndp_status""=>""under_construction""",26.003265,42.200038,27.358704,42.576344,2,Al/St 240/40 4-bundle 380.0
TYNDP2020_37,,,under_construction,131,2024,False,380,"""url""=>""https://tyndp2020-project-platform.azurewebsites.net/projectsheets/transmission/144"", ""tyndp2020_proj_id""=>""144"", ""tyndp2020_invest_id""=>""238"", ""tyndp_status""=>""under_construction""",21.88777,45.30413,20.706482,44.86755,2,Al/St 240/40 4-bundle 380.0
TYNDP2020_38,,,under_construction,116,2024,False,380,"""url""=>""https://tyndp2020-project-platform.azurewebsites.net/projectsheets/transmission/144"", ""tyndp2020_proj_id""=>""144"", ""tyndp2020_invest_id""=>""269"", ""tyndp_status""=>""under_construction""",22.578278,44.679395,21.88777,45.30413,2,Al/St 240/40 4-bundle 380.0
TYNDP2020_39,,,in_permitting,274,2025,False,380,"""url""=>""https://tyndp2020-project-platform.azurewebsites.net/projectsheets/transmission/144"", ""tyndp2020_proj_id""=>""144"", ""tyndp2020_invest_id""=>""270"", ""tyndp_status""=>""in_permitting""",21.2815,45.7426,21.2815,45.7426,2,Al/St 240/40 4-bundle 380.0
TYNDP2020_43,,,planned_not_yet_permitting,57.11,2025,False,380,"""url""=>""https://tyndp2020-project-platform.azurewebsites.net/projectsheets/transmission/170"", ""tyndp2020_proj_id""=>""170"", ""tyndp2020_invest_id""=>""1661"", ""tyndp_status""=>""planned_not_yet_permitting""",16.11557,54.132674,16.68572375,54.03420101,2,Al/St 240/40 4-bundle 380.0
TYNDP2020_44,,,planned_not_yet_permitting,119,2025,False,380,"""url""=>""https://tyndp2020-project-platform.azurewebsites.net/projectsheets/transmission/170"", ""tyndp2020_proj_id""=>""170"", ""tyndp2020_invest_id""=>""1662"", ""tyndp_status""=>""planned_not_yet_permitting""",16.858521,53.16571,16.68572375,54.03420101,2,Al/St 240/40 4-bundle 380.0
TYNDP2020_45,,,planned_not_yet_permitting,288.5,2025,False,380,"""url""=>""https://tyndp2020-project-platform.azurewebsites.net/projectsheets/transmission/170"", ""tyndp2020_proj_id""=>""170"", ""tyndp2020_invest_id""=>""1664"", ""tyndp_status""=>""planned_not_yet_permitting""",14.831543,53.330873,18.104095,54.714309,2,Al/St 240/40 4-bundle 380.0
TYNDP2020_46,,,planned_not_yet_permitting,77,2024,False,380,"""url""=>""https://tyndp2020-project-platform.azurewebsites.net/projectsheets/transmission/170"", ""tyndp2020_proj_id""=>""170"", ""tyndp2020_invest_id""=>""1665"", ""tyndp_status""=>""planned_not_yet_permitting""",18.104095,54.714309,18.684998,54.266026,2,Al/St 240/40 4-bundle 380.0
TYNDP2020_47,,,in_permitting,92,2023,False,380,"""url""=>""https://tyndp2020-project-platform.azurewebsites.net/projectsheets/transmission/183"", ""tyndp2020_proj_id""=>""183"", ""tyndp2020_invest_id""=>""1018"", ""tyndp_status""=>""in_permitting""",8.864594,55.074436,8.66684,55.481966,2,Al/St 240/40 4-bundle 380.0
TYNDP2020_48,,,under_construction,60,2022,False,380,"""url""=>""https://tyndp2020-project-platform.azurewebsites.net/projectsheets/transmission/186"", ""tyndp2020_proj_id""=>""186"", ""tyndp2020_invest_id""=>""886"", ""tyndp_status""=>""under_construction""",16.399841,48.323387,16.820068,48.943249,2,Al/St 240/40 4-bundle 380.0
TYNDP2020_49,,,in_permitting,60,2028,False,380,"""url""=>""https://tyndp2020-project-platform.azurewebsites.net/projectsheets/transmission/187"", ""tyndp2020_proj_id""=>""187"", ""tyndp2020_invest_id""=>""997"", ""tyndp_status""=>""in_permitting""",13.080597,48.256684,13.080597,48.256684,2,Al/St 240/40 4-bundle 380.0
TYNDP2020_50,,,under_construction,300,2022,False,380,"""url""=>""https://tyndp2020-project-platform.azurewebsites.net/projectsheets/transmission/197"", ""tyndp2020_proj_id""=>""197"", ""tyndp2020_invest_id""=>""742"", ""tyndp_status""=>""under_construction""",26.114502,64.778807,25.180664,62.262171,2,Al/St 240/40 4-bundle 380.0
TYNDP2020_51,,,in_permitting,83,2023,False,380,"""url""=>""https://tyndp2020-project-platform.azurewebsites.net/projectsheets/transmission/200"", ""tyndp2020_proj_id""=>""200"", ""tyndp2020_invest_id""=>""308"", ""tyndp_status""=>""in_permitting""",13.191833,50.341955,12.675274,50.160683,2,Al/St 240/40 4-bundle 380.0
TYNDP2020_52,,,under_construction,87,2021,False,380,"""url""=>""https://tyndp2020-project-platform.azurewebsites.net/projectsheets/transmission/200"", ""tyndp2020_proj_id""=>""200"", ""tyndp2020_invest_id""=>""309"", ""tyndp_status""=>""under_construction""",12.675274,50.160683,13.282471,49.60804,2,Al/St 240/40 4-bundle 380.0
TYNDP2020_53,,,under_construction,60,2023,False,380,"""url""=>""https://tyndp2020-project-platform.azurewebsites.net/projectsheets/transmission/207"", ""tyndp2020_proj_id""=>""207"", ""tyndp2020_invest_id""=>""939"", ""tyndp_status""=>""under_construction""",8.091431,53.313647,7.23587,53.374317,2,Al/St 240/40 4-bundle 380.0
TYNDP2020_54,,,under_construction,30,2020,False,380,"""url""=>""https://tyndp2020-project-platform.azurewebsites.net/projectsheets/transmission/207"", ""tyndp2020_proj_id""=>""207"", ""tyndp2020_invest_id""=>""1684"", ""tyndp_status""=>""under_construction""",8.091431,53.313647,8.000793,53.55581,2,Al/St 240/40 4-bundle 380.0
TYNDP2020_56,,,under_construction,182,2023,False,380,"""url""=>""https://tyndp2020-project-platform.azurewebsites.net/projectsheets/transmission/208"", ""tyndp2020_proj_id""=>""208"", ""tyndp2020_invest_id""=>""156"", ""tyndp_status""=>""under_construction""",6.615143,51.630805,7.388306,53.076703,2,Al/St 240/40 4-bundle 380.0
TYNDP2020_57,,,in_permitting,45.2,2026,False,380,"""url""=>""https://tyndp2020-project-platform.azurewebsites.net/projectsheets/transmission/227"", ""tyndp2020_proj_id""=>""227"", ""tyndp2020_invest_id""=>""627"", ""tyndp_status""=>""in_permitting""",19.500315,43.953021,19.388123,43.723475,2,Al/St 240/40 4-bundle 380.0
TYNDP2020_58,,,in_permitting,100,2026,False,380,"""url""=>""https://tyndp2020-project-platform.azurewebsites.net/projectsheets/transmission/227"", ""tyndp2020_proj_id""=>""227"", ""tyndp2020_invest_id""=>""630"", ""tyndp_status""=>""in_permitting""",19.500315,43.953021,19.315338,43.347152,2,Al/St 240/40 4-bundle 380.0
TYNDP2020_59,,,under_construction,151,2019,False,380,"""url""=>""https://tyndp2020-project-platform.azurewebsites.net/projectsheets/transmission/227"", ""tyndp2020_proj_id""=>""227"", ""tyndp2020_invest_id""=>""1526"", ""tyndp_status""=>""under_construction""",18.772888,42.315909,19.315338,43.347152,2,Al/St 240/40 4-bundle 380.0
TYNDP2020_60,,,under_construction,,2020,False,380,"""url""=>""https://tyndp2020-project-platform.azurewebsites.net/projectsheets/transmission/227"", ""tyndp2020_proj_id""=>""227"", ""tyndp2020_invest_id""=>""1527"", ""tyndp_status""=>""under_construction""",20.928955,44.056999,20.739984,43.680615,2,Al/St 240/40 4-bundle 380.0
TYNDP2020_61,,,planned_not_yet_permitting,32,2025,False,380,"""url""=>""https://tyndp2020-project-platform.azurewebsites.net/projectsheets/transmission/228"", ""tyndp2020_proj_id""=>""228"", ""tyndp2020_invest_id""=>""1231"", ""tyndp_status""=>""planned_not_yet_permitting""",7.503662,47.891485,7.712402,48.103763,2,Al/St 240/40 4-bundle 380.0
TYNDP2020_66,,,in_permitting,100,2024,False,380,"""url""=>""https://tyndp2020-project-platform.azurewebsites.net/projectsheets/transmission/230"", ""tyndp2020_proj_id""=>""230"", ""tyndp2020_invest_id""=>""355"", ""tyndp_status""=>""in_permitting""",15.086975,51.069017,16.365509,50.816348,2,Al/St 240/40 4-bundle 380.0
TYNDP2020_67,,,under_consideration,11,2030,False,380,"""url""=>""https://tyndp2020-project-platform.azurewebsites.net/projectsheets/transmission/231"", ""tyndp2020_proj_id""=>""231"", ""tyndp2020_invest_id""=>""1282"", ""tyndp_status""=>""under_consideration""",8.169708,47.523693,8.205414,47.649662,2,Al/St 240/40 4-bundle 380.0
TYNDP2020_73,,,planned_not_yet_permitting,65,2028,False,380,"""url""=>""https://tyndp2020-project-platform.azurewebsites.net/projectsheets/transmission/244"", ""tyndp2020_proj_id""=>""244"", ""tyndp2020_invest_id""=>""1245"", ""tyndp_status""=>""planned_not_yet_permitting""",6.251221,49.182601,7.028503,49.340336,2,Al/St 240/40 4-bundle 380.0
TYNDP2020_74,,,under_construction,27,2021,False,380,"""url""=>""https://tyndp2020-project-platform.azurewebsites.net/projectsheets/transmission/245"", ""tyndp2020_proj_id""=>""245"", ""tyndp2020_invest_id""=>""1246"", ""tyndp_status""=>""under_construction""",6.936493,53.145947,7.389679,53.097323,2,Al/St 240/40 4-bundle 380.0
TYNDP2020_76,,,planned_not_yet_permitting,90,2029,False,380,"""url""=>""https://tyndp2020-project-platform.azurewebsites.net/projectsheets/transmission/252"", ""tyndp2020_proj_id""=>""252"", ""tyndp2020_invest_id""=>""1050"", ""tyndp_status""=>""planned_not_yet_permitting""",5.71701,51.094036,5.355835,50.557942,2,Al/St 240/40 4-bundle 380.0
TYNDP2020_77,,,in_permitting,90,2024,False,380,"""url""=>""https://tyndp2020-project-platform.azurewebsites.net/projectsheets/transmission/252"", ""tyndp2020_proj_id""=>""252"", ""tyndp2020_invest_id""=>""1456"", ""tyndp_status""=>""in_permitting""",4.603271,51.209464,5.71701,51.094036,2,Al/St 240/40 4-bundle 380.0
TYNDP2020_80,,,planned_not_yet_permitting,16,2025,False,380,"""url""=>""https://tyndp2020-project-platform.azurewebsites.net/projectsheets/transmission/252"", ""tyndp2020_proj_id""=>""252"", ""tyndp2020_invest_id""=>""1517"", ""tyndp_status""=>""planned_not_yet_permitting""",4.177551,51.162122,4.220123,50.864911,2,Al/St 240/40 4-bundle 380.0
TYNDP2020_81,,,planned_not_yet_permitting,36,2030,False,380,"""url""=>""https://tyndp2020-project-platform.azurewebsites.net/projectsheets/transmission/252"", ""tyndp2020_proj_id""=>""252"", ""tyndp2020_invest_id""=>""1676"", ""tyndp_status""=>""planned_not_yet_permitting""",4.177551,51.162122,4.603271,51.209464,2,Al/St 240/40 4-bundle 380.0
TYNDP2020_82,,,under_construction,125,2022,False,380,"""url""=>""https://tyndp2020-project-platform.azurewebsites.net/projectsheets/transmission/258"", ""tyndp2020_proj_id""=>""258"", ""tyndp2020_invest_id""=>""667"", ""tyndp_status""=>""under_construction""",9.240875,53.906765,8.864594,55.074436,2,Al/St 240/40 4-bundle 380.0
TYNDP2020_83,,,under_consideration,120,2030,False,380,"""url""=>""https://tyndp2020-project-platform.azurewebsites.net/projectsheets/transmission/259"", ""tyndp2020_proj_id""=>""259"", ""tyndp2020_invest_id""=>""1205"", ""tyndp_status""=>""under_consideration""",21.566162,47.659838,22.026215,47.044861,2,Al/St 240/40 4-bundle 380.0
TYNDP2020_88,,,in_permitting,64,2029,False,380,"""url""=>""https://tyndp2020-project-platform.azurewebsites.net/projectsheets/transmission/264"", ""tyndp2020_proj_id""=>""264"", ""tyndp2020_invest_id""=>""1259"", ""tyndp_status""=>""in_permitting""",8.169708,47.523693,8.298798,47.148634,2,Al/St 240/40 4-bundle 380.0
TYNDP2020_89,,,in_permitting,45.4,2027,False,380,"""url""=>""https://tyndp2020-project-platform.azurewebsites.net/projectsheets/transmission/264"", ""tyndp2020_proj_id""=>""264"", ""tyndp2020_invest_id""=>""1287"", ""tyndp_status""=>""in_permitting""",7.191925,47.364874,7.222137,47.007416,2,Al/St 240/40 4-bundle 380.0
TYNDP2020_92,,,in_permitting,124,2029,False,380,"""url""=>""https://tyndp2020-project-platform.azurewebsites.net/projectsheets/transmission/266"", ""tyndp2020_proj_id""=>""266"", ""tyndp2020_invest_id""=>""1286"", ""tyndp_status""=>""in_permitting""",7.555847,46.336499,8.795929,46.401882,2,Al/St 240/40 4-bundle 380.0
TYNDP2020_93,,,in_permitting,106.6,2027,False,380,"""url""=>""https://tyndp2020-project-platform.azurewebsites.net/projectsheets/transmission/266"", ""tyndp2020_proj_id""=>""266"", ""tyndp2020_invest_id""=>""1733"", ""tyndp_status""=>""in_permitting""",7.642365,47.079475,7.555847,46.336499,2,Al/St 240/40 4-bundle 380.0
TYNDP2020_94,,,under_construction,30,2022,False,380,"""url""=>""https://tyndp2020-project-platform.azurewebsites.net/projectsheets/transmission/266"", ""tyndp2020_proj_id""=>""266"", ""tyndp2020_invest_id""=>""1734"", ""tyndp_status""=>""under_construction""",7.165833,46.200745,7.555847,46.336499,2,Al/St 240/40 4-bundle 380.0
TYNDP2020_95,,,planned_not_yet_permitting,110,2030,False,380,"""url""=>""https://tyndp2020-project-platform.azurewebsites.net/projectsheets/transmission/270"", ""tyndp2020_proj_id""=>""270"", ""tyndp2020_invest_id""=>""1212"", ""tyndp_status""=>""planned_not_yet_permitting""",-1.14818,42.10892,-1.671123,41.952398,2,Al/St 240/40 4-bundle 380.0
TYNDP2020_96,,,planned_not_yet_permitting,80,2029,False,380,"""url""=>""https://tyndp2020-project-platform.azurewebsites.net/projectsheets/transmission/276"", ""tyndp2020_proj_id""=>""276"", ""tyndp2020_invest_id""=>""1208"", ""tyndp_status""=>""planned_not_yet_permitting""",-0.812988,43.979969,-0.575409,43.345155,2,Al/St 240/40 4-bundle 380.0
TYNDP2020_97,,,under_construction,1,2020,False,380,"""url""=>""https://tyndp2020-project-platform.azurewebsites.net/projectsheets/transmission/297"", ""tyndp2020_proj_id""=>""297"", ""tyndp2020_invest_id""=>""445"", ""tyndp_status""=>""under_construction""",4.307132,51.301299,4.307132,51.301299,2,Al/St 240/40 4-bundle 380.0
TYNDP2020_98,,,under_construction,128,2025,False,380,"""url""=>""https://tyndp2020-project-platform.azurewebsites.net/projectsheets/transmission/312"", ""tyndp2020_proj_id""=>""312"", ""tyndp2020_invest_id""=>""1472"", ""tyndp_status""=>""under_construction""",13.080597,48.256684,12.803192,47.244746,2,Al/St 240/40 4-bundle 380.0
TYNDP2020_99,,,in_permitting,90,2024,False,380,"""url""=>""https://tyndp2020-project-platform.azurewebsites.net/projectsheets/transmission/313"", ""tyndp2020_proj_id""=>""313"", ""tyndp2020_invest_id""=>""1473"", ""tyndp_status""=>""in_permitting""",12.172852,48.638354,13.080597,48.256684,2,Al/St 240/40 4-bundle 380.0
TYNDP2020_100,,,under_construction,80,2021,False,380,"""url""=>""https://tyndp2020-project-platform.azurewebsites.net/projectsheets/transmission/320"", ""tyndp2020_proj_id""=>""320"", ""tyndp2020_invest_id""=>""1558"", ""tyndp_status""=>""under_construction""",15.724182,46.386728,16.689606,46.633408,2,Al/St 240/40 4-bundle 380.0
TYNDP2020_101,,,in_permitting,85,2025,False,380,"""url""=>""https://tyndp2020-project-platform.azurewebsites.net/projectsheets/transmission/322"", ""tyndp2020_proj_id""=>""322"", ""tyndp2020_invest_id""=>""1476"", ""tyndp_status""=>""in_permitting""",10.06485,48.282279,9.732513,47.623752,2,Al/St 240/40 4-bundle 380.0
TYNDP2020_104,,,planned_not_yet_permitting,40,2026,False,380,"""url""=>""https://tyndp2020-project-platform.azurewebsites.net/projectsheets/transmission/328"", ""tyndp2020_proj_id""=>""328"", ""tyndp2020_invest_id""=>""1630"", ""tyndp_status""=>""planned_not_yet_permitting""",6.590884,49.789617,6.140853,49.688695,2,Al/St 240/40 4-bundle 380.0
TYNDP2020_107,,,planned_not_yet_permitting,100,2028,False,380,"""url""=>""https://tyndp2020-project-platform.azurewebsites.net/projectsheets/transmission/340"", ""tyndp2020_proj_id""=>""340"", ""tyndp2020_invest_id""=>""1519"", ""tyndp_status""=>""planned_not_yet_permitting""",3.429108,50.773813,4.354706,50.529143,2,Al/St 240/40 4-bundle 380.0
TYNDP2020_108,,,under_consideration,60,2030,False,380,"""url""=>""https://tyndp2020-project-platform.azurewebsites.net/projectsheets/transmission/341"", ""tyndp2020_proj_id""=>""341"", ""tyndp2020_invest_id""=>""1538"", ""tyndp_status""=>""under_consideration""",20.9729,44.874362,20.378265,44.819838,2,Al/St 240/40 4-bundle 380.0
TYNDP2020_109,,,planned_not_yet_permitting,180,2030,False,380,"""url""=>""https://tyndp2020-project-platform.azurewebsites.net/projectsheets/transmission/343"", ""tyndp2020_proj_id""=>""343"", ""tyndp2020_invest_id""=>""1532"", ""tyndp_status""=>""planned_not_yet_permitting""",17.201843,44.772087,15.26017,44.886816,2,Al/St 240/40 4-bundle 380.0
TYNDP2020_110,,,planned_not_yet_permitting,68,2030,False,380,"""url""=>""https://tyndp2020-project-platform.azurewebsites.net/projectsheets/transmission/343"", ""tyndp2020_proj_id""=>""343"", ""tyndp2020_invest_id""=>""1533"", ""tyndp_status""=>""planned_not_yet_permitting""",15.26017,44.886816,14.558258,45.323186,2,Al/St 240/40 4-bundle 380.0
TYNDP2020_113,,,under_construction,161,2020,False,380,"""url""=>""https://tyndp2020-project-platform.azurewebsites.net/projectsheets/transmission/350"", ""tyndp2020_proj_id""=>""350"", ""tyndp2020_invest_id""=>""1622"", ""tyndp_status""=>""under_construction""",20.725963,41.239159,19.966278,41.16108,2,Al/St 240/40 4-bundle 380.0
TYNDP2020_115,,,under_consideration,38.8,2025,False,380,"""url""=>""https://tyndp2020-project-platform.azurewebsites.net/projectsheets/transmission/379"", ""tyndp2020_proj_id""=>""379"", ""tyndp2020_invest_id""=>""1593"", ""tyndp_status""=>""under_consideration""",-2.880286,43.349776,-3.052826,43.265206,2,Al/St 240/40 4-bundle 380.0
TYNDP2020_116,,,under_consideration,69.12,2025,False,380,"""url""=>""https://tyndp2020-project-platform.azurewebsites.net/projectsheets/transmission/379"", ""tyndp2020_proj_id""=>""379"", ""tyndp2020_invest_id""=>""1595"", ""tyndp_status""=>""under_consideration""",-2.880286,43.349776,-2.243958,43.047816,2,Al/St 240/40 4-bundle 380.0
TYNDP2020_117,,,under_consideration,57,2025,False,380,"""url""=>""https://tyndp2020-project-platform.azurewebsites.net/projectsheets/transmission/379"", ""tyndp2020_proj_id""=>""379"", ""tyndp2020_invest_id""=>""1597"", ""tyndp_status""=>""under_consideration""",-2.880286,43.349776,-2.206879,43.098977,2,Al/St 240/40 4-bundle 380.0
TYNDP2020_120,,,under_construction,14,2021,False,380,"""url""=>""https://tyndp2020-project-platform.azurewebsites.net/projectsheets/transmission/1043"", ""tyndp2020_proj_id""=>""1043"", ""tyndp2020_invest_id""=>""1685"", ""tyndp_status""=>""under_construction""",9.485321,53.629168,9.485321,53.629168,2,Al/St 240/40 4-bundle 380.0
TYNDP2020_121,,,under_construction,60,2024,False,380,"""url""=>""https://tyndp2020-project-platform.azurewebsites.net/projectsheets/transmission/1043"", ""tyndp2020_proj_id""=>""1043"", ""tyndp2020_invest_id""=>""1686"", ""tyndp_status""=>""under_construction""",10.299683,52.286643,9.988131,51.954234,2,Al/St 240/40 4-bundle 380.0
TYNDP2020_122,,,under_construction,45,2024,False,380,"""url""=>""https://tyndp2020-project-platform.azurewebsites.net/projectsheets/transmission/1043"", ""tyndp2020_proj_id""=>""1043"", ""tyndp2020_invest_id""=>""1686"", ""tyndp_status""=>""under_construction""",9.988131,51.954234,9.852428,51.649318,2,Al/St 240/40 4-bundle 380.0
TYNDP2020_123,,,under_construction,105,2024,False,380,"""url""=>""https://tyndp2020-project-platform.azurewebsites.net/projectsheets/transmission/1043"", ""tyndp2020_proj_id""=>""1043"", ""tyndp2020_invest_id""=>""1686"", ""tyndp_status""=>""under_construction""",9.852428,51.649318,9.621277,50.85971,2,Al/St 240/40 4-bundle 380.0
TYNDP2020_124,,,in_permitting,290,2028,False,380,"""url""=>""https://tyndp2020-project-platform.azurewebsites.net/projectsheets/transmission/1046"", ""tyndp2020_proj_id""=>""1046"", ""tyndp2020_invest_id""=>""1688"", ""tyndp_status""=>""in_permitting""",26.842346,64.556701,27.766571,62.262171,2,Al/St 240/40 4-bundle 380.0
TYNDP2020_125,,,in_permitting,100,2029,False,380,"""url""=>""https://tyndp2020-project-platform.azurewebsites.net/projectsheets/transmission/1046"", ""tyndp2020_proj_id""=>""1046"", ""tyndp2020_invest_id""=>""1689"", ""tyndp_status""=>""in_permitting""",25.692902,65.279688,26.842346,64.556701,2,Al/St 240/40 4-bundle 380.0
TYNDP2020_126,,,planned_not_yet_permitting,175,2030,False,380,"""url""=>""https://tyndp2020-project-platform.azurewebsites.net/projectsheets/transmission/1046"", ""tyndp2020_proj_id""=>""1046"", ""tyndp2020_invest_id""=>""1697"", ""tyndp_status""=>""planned_not_yet_permitting""",25.180664,62.262171,24.915619,60.90707,2,Al/St 240/40 4-bundle 380.0
TYNDP2020_128,,,planned_not_yet_permitting,170,2030,False,380,"""url""=>""https://tyndp2020-project-platform.azurewebsites.net/projectsheets/transmission/1052"", ""tyndp2020_proj_id""=>""1052"", ""tyndp2020_invest_id""=>""1713"", ""tyndp_status""=>""planned_not_yet_permitting""",12.693329,46.798179,14.59126856,46.53625658,2,Al/St 240/40 4-bundle 380.0
TYNDP2020_129,,,planned_not_yet_permitting,105,2027,False,380,"""url""=>""https://tyndp2020-project-platform.azurewebsites.net/projectsheets/transmission/1054"", ""tyndp2020_proj_id""=>""1054"", ""tyndp2020_invest_id""=>""1715"", ""tyndp_status""=>""planned_not_yet_permitting""",10.897064,47.236355,11.964111,47.292271,2,Al/St 240/40 4-bundle 380.0
TYNDP2020_132,,,in_permitting,50,2027,False,380,"""url""=>""https://tyndp2020-project-platform.azurewebsites.net/projectsheets/transmission/1059"", ""tyndp2020_proj_id""=>""1059"", ""tyndp2020_invest_id""=>""645"", ""tyndp_status""=>""in_permitting""",15.996094,39.990799,16.020813,39.780047,2,Al/St 240/40 4-bundle 380.0
TYNDP2020_133,,,in_permitting,,2030,False,380,"""url""=>""https://tyndp2020-project-platform.azurewebsites.net/projectsheets/transmission/1059"", ""tyndp2020_proj_id""=>""1059"", ""tyndp2020_invest_id""=>""1727"", ""tyndp_status""=>""in_permitting""",15.03067,40.66814,15.058136,40.941527,2,Al/St 240/40 4-bundle 380.0
TYNDP2020_134,,,in_permitting,,2030,False,380,"""url""=>""https://tyndp2020-project-platform.azurewebsites.net/projectsheets/transmission/1059"", ""tyndp2020_proj_id""=>""1059"", ""tyndp2020_invest_id""=>""1727"", ""tyndp_status""=>""in_permitting""",15.058136,40.941527,14.957886,41.143501,2,Al/St 240/40 4-bundle 380.0
TYNDP2020_135,,,under_construction,40,2022,False,380,"""url""=>""https://tyndp2020-project-platform.azurewebsites.net/projectsheets/transmission/1063"", ""tyndp2020_proj_id""=>""1063"", ""tyndp2020_invest_id""=>""1731"", ""tyndp_status""=>""under_construction""",4.218787,51.424034,4.218787,51.424034,2,Al/St 240/40 4-bundle 380.0
TYNDP2020_136,,,under_construction,24,2020,False,220,"""url""=>""https://tyndp2020-project-platform.azurewebsites.net/projectsheets/transmission/36"", ""tyndp_status""=>""under_construction""",11.98638976,55.45070482,12.21441321,54.10017121,,
